"","logFC","logCPM","LR","PValue","FDR"
"oases3_k25_Locus_52353_Transcript_5_1",9.41026002446964,6.08332762137103,78.2344620762214,9.15080610309834e-19,2.53422424219206e-14
"oases6_k25_Locus_6897_Transcript_5_2",7.01663086440556,8.21607963702251,54.4803631852476,1.57008927243015e-13,2.12653964046342e-09
"oases3_k49_Locus_48413_Transcript_4_1",7.11063399154435,7.92544044752336,53.7271225108906,2.30361050097142e-13,2.12653964046342e-09
"oases2_k43_Locus_20622_Transcript_5_1",7.48232149938677,7.00335733749102,52.8710030252913,3.56189396074195e-13,2.46607728371969e-09
"oases2_k49_Locus_33714_Transcript_2_1",7.22134051416016,5.25200926372175,43.3601907764671,4.5535853287829e-11,1.91986333040771e-07
"oases6_k49_Locus_2739_Transcript_5_1",5.94791218940804,5.70245798273319,43.2543815178957,4.80660169770304e-11,1.91986333040771e-07
"oases6_k49_Locus_58445_Transcript_2_1",6.39634454042865,6.27892307089799,43.2357090475352,4.85269130961723e-11,1.91986333040771e-07
"oases6_k25_Locus_27954_Transcript_3_1",6.05294027830102,6.18601078573697,42.8373048869266,5.94868741169692e-11,2.05928686474418e-07
"oases3_k25_Locus_54713_Transcript_9_1",6.16186238885036,5.15013198946487,42.3832317053979,7.50305674957962e-11,2.30877392914287e-07
"oases6_k31_Locus_25424_Transcript_1_1",7.72368941090501,4.60085575637531,41.1412737184073,1.41614095234145e-10,3.79867646129571e-07
"oases6_k37_Locus_5849_Transcript_9_1",8.88769545384248,4.37964041492588,41.0173651090493,1.50882649939528e-10,3.79867646129571e-07
"oases2_CL1131Contig1_1",6.63054677935081,5.89981142895463,40.670939674682,1.80146416216437e-10,4.15747904224833e-07
"oases3_k25_Locus_52753_Transcript_1_1",9.34815266725155,3.7031848413745,39.9654861620385,2.58490065935443e-10,5.13772765897523e-07
"oases3_CL21094Contig1_1",10.9124156894816,4.53749859151387,39.9561779545624,2.5972480402128e-10,5.13772765897523e-07
"oases3_k49_Locus_38780_Transcript_5_1",7.85753449920281,4.65572538843684,39.6001662006725,3.11656774713225e-10,5.36172780488648e-07
"oases6_k31_Locus_3792_Transcript_10_2",6.23441075059249,8.4173715175468,39.587212939257,3.13730811995614e-10,5.36172780488648e-07
"oases3_k31_Locus_32529_Transcript_1_1",8.88968094654021,2.67479440283401,39.4418416232251,3.3797683074115e-10,5.36172780488648e-07
"oases2_k25_Locus_50568_Transcript_1_1",7.00966107662667,6.85860953587354,39.3820205433028,3.48491010644748e-10,5.36172780488648e-07
"oases3_k31_Locus_2387_Transcript_6_1",6.68749425868154,5.44112123380414,37.6811706880786,8.33048064678263e-10,1.21423332122104e-06
"oases3_k43_Locus_24204_Transcript_8_1",6.50398064921194,3.93366934963477,37.2622879894221,1.03262277115658e-09,1.42987275122051e-06
"oases6_k37_Locus_56172_Transcript_1_1",9.23759686193341,3.81682683297194,36.6733222812676,1.39677896198214e-09,1.84201888443492e-06
"oases3_k49_Locus_49692_Transcript_1_1",6.6636614965562,4.68671078250563,36.3734326602733,1.62908759453424e-09,2.05072508377415e-06
"oases2_k25_Locus_49164_Transcript_1_1",6.52828667685545,5.92232047703865,35.9617668014973,2.01227488200646e-09,2.4229539383603e-06
"oases2_CL3315Contig1_1",9.04569952700763,6.85511626659464,35.7069026542945,2.29349935877441e-09,2.6465071350791e-06
"oases3_CL19994Contig1_1",5.68331157990908,7.08888386996698,35.2221206497779,2.94163186180895e-09,3.17608794433459e-06
"oases6_k49_Locus_57889_Transcript_1_1",7.26527409723291,4.89801558732558,35.1957004409454,2.9818114592583e-09,3.17608794433459e-06
"oases3_k43_Locus_3424_Transcript_84_3",7.0759005659115,5.66903816299752,34.7944502406542,3.6641647642742e-09,3.75834736969665e-06
"oases3_k37_Locus_49374_Transcript_9_1",6.64270096498702,4.6580169004321,34.5177131327168,4.22389976910018e-09,4.17773857876644e-06
"oases6_k43_Locus_47940_Transcript_1_1",6.71225558626572,5.14635602660681,34.44117967975,4.39329168363279e-09,4.19544206505264e-06
"oases3_CL20544Contig1_1",6.55609321992967,4.92543332684932,34.1687066095082,5.05351032916895e-09,4.66506383520017e-06
"oases6_k37_Locus_60082_Transcript_1_1",8.69457323230758,4.3483645974758,33.5395239465202,6.98304717175724e-09,6.23833897982726e-06
"oases6_k49_Locus_12143_Transcript_7_2",6.0174792509926,6.52884661462088,33.436481906271,7.36297707702706e-09,6.37219647409961e-06
"oases6_k43_Locus_5772_Transcript_3_2",6.90548641170345,4.145197106592,33.0848712841448,8.82225037064685e-09,7.40373944741497e-06
"oases6_k49_Locus_58223_Transcript_3_1",8.01585732154668,3.85953494474012,32.8716502150806,9.84485243528512e-09,8.01892186302312e-06
"oases3_CL22688Contig1_1",7.14458231442705,5.73529922154393,32.6247826212571,1.11780323293999e-08,8.84469792372577e-06
"oases3_k25_Locus_53259_Transcript_1_1",8.76895708884654,5.89501430563835,32.440006222271,1.22929511268928e-08,9.45669412522693e-06
"oases3_k37_Locus_50451_Transcript_6_1",7.65765973580459,6.58213597723064,32.3219247804377,1.30631034867955e-08,9.77755643144091e-06
"oases2_k31_Locus_32375_Transcript_2_1",5.79816984865078,4.60934192235689,31.9295657794329,1.59865267239416e-08,1.16508123971799e-05
"oases3_k49_Locus_66468_Transcript_1_1",8.57899947506091,2.51242176231327,31.7391148836966,1.7633478402119e-08,1.25215782273919e-05
"oases3_k25_Locus_4987_Transcript_6_1",9.42483160610409,2.52780533119458,31.6602160786155,1.83645977476827e-08,1.27147292506081e-05
"oases3_k37_Locus_11505_Transcript_13_1",6.7426095738021,5.35771599911619,31.5942186685886,1.89994380423422e-08,1.28334252962104e-05
"oases6_k25_Locus_54138_Transcript_1_1",6.58246974255876,4.21897834526646,30.9686079756201,2.62235765990123e-08,1.72913269126916e-05
"oases3_CL20429Contig1_1",8.39275571668685,2.98049514797424,30.9173646014972,2.69251857686408e-08,1.73410719692265e-05
"oases3_k49_Locus_49169_Transcript_6_1",9.45081667988903,2.55295620229727,30.800823990475,2.8591643107501e-08,1.79958400958894e-05
"oases2_k31_Locus_38544_Transcript_1_1",5.54318393218119,4.06072021274097,30.7262888144849,2.97112318628766e-08,1.82849523380112e-05
"oases6_k25_Locus_55231_Transcript_1_1",6.45114359941738,3.79076297787925,30.6623835355936,3.07060575761385e-08,1.8486381706817e-05
"oases6_CL13495Contig1_1",8.73319573382879,2.60862922787244,30.5566010483789,3.2426670058813e-08,1.91068978852929e-05
"oases2_k31_Locus_41487_Transcript_2_1",7.1929251295252,3.136950872354,30.2358584625485,3.82570495987053e-08,2.20727235747197e-05
"oases3_k31_Locus_27886_Transcript_6_2",9.12274365437998,3.17291661004983,29.8185102767038,4.74440514764568e-08,2.68146032977346e-05
"oases3_k37_Locus_50178_Transcript_1_1",9.02457570318611,2.19101342809563,29.6327528560285,5.22151560259216e-08,2.89209306196375e-05
"oases3_k43_Locus_32959_Transcript_1_1",6.63765450302136,5.18122663126204,29.4575252463757,5.71556790793049e-08,3.10366544396523e-05
"oases3_k25_Locus_53387_Transcript_1_1",6.41340683915687,4.01837363312215,28.9601091856385,7.3884219727373e-08,3.93490304063436e-05
"oases6_k31_Locus_57831_Transcript_1_1",8.87519075102688,2.22228211344631,28.853568596439,7.80619426721559e-08,4.07895743464658e-05
"oases6_k43_Locus_60897_Transcript_1_1",10.1352457568136,3.07362070981543,28.5671962134091,9.05024906050059e-08,4.64143699039821e-05
"oases6_k31_Locus_53645_Transcript_3_1",6.0475650159011,3.46819773778999,28.3403613964693,1.01752171721496e-07,5.1234993521002e-05
"oases6_k49_Locus_13559_Transcript_1_1",6.90915765693663,3.16305576486208,28.2193907323669,1.08314008874785e-07,5.35651457460409e-05
"oases6_k43_Locus_15593_Transcript_3_1",5.31092958565593,4.2144585533022,28.0928093960027,1.15634697807618e-07,5.61822337032313e-05
"oases3_k31_Locus_50978_Transcript_1_1",7.27915358165774,3.24591322992728,28.0564932513762,1.17825110542312e-07,5.62594588165309e-05
"oases3_k25_Locus_53953_Transcript_1_1",6.47311568741734,3.6099589271368,27.719985398106,1.40206721826626e-07,6.58116093943489e-05
"oases3_k25_Locus_53168_Transcript_1_1",8.81670776991426,2.22006686991262,27.6097415089895,1.48429351415546e-07,6.76325027677535e-05
"oases6_k49_Locus_57838_Transcript_1_1",8.25819319704207,2.53171143935371,27.6027052685928,1.48970270413554e-07,6.76325027677535e-05
"oases6_k25_Locus_16650_Transcript_1_1",4.56629191738542,4.4128801400788,27.3874760234368,1.66506099854923e-07,7.43745149900362e-05
"oases6_k25_Locus_42959_Transcript_7_1",7.75721350147266,2.40399754229751,27.2557017606207,1.78248710382036e-07,7.83558696082557e-05
"oases6_CL5114Contig1_1",8.63981973253177,3.43040460434576,27.1867060454898,1.84724495118176e-07,7.99337526219182e-05
"oases3_k25_Locus_53247_Transcript_1_1",6.99264319068064,2.67446342579211,27.0907291775559,1.94126689764463e-07,8.2709916097493e-05
"oases6_k49_Locus_57691_Transcript_1_1",8.99032546586508,2.36205197311111,27.0090306047659,2.02507145374931e-07,8.49732255153534e-05
"oases6_k43_Locus_24475_Transcript_2_1",4.77169596234456,6.01535279068505,26.8932495260063,2.15008548911987e-07,8.83748261789714e-05
"oases3_k31_Locus_50788_Transcript_1_1",6.54276358980598,4.79193427584416,26.875466470499,2.16996034526253e-07,8.83748261789714e-05
"oases6_k25_Locus_55197_Transcript_1_1",7.14568889968707,1.73166124351316,26.6695654095325,2.41393965060551e-07,9.58229106872899e-05
"oases3_k31_Locus_39189_Transcript_1_1",5.57953371527248,4.40926128910843,26.6630907917367,2.42204222868141e-07,9.58229106872899e-05
"oases3_k49_Locus_49905_Transcript_1_1",8.65339676613366,2.14648951595513,26.4642111106603,2.68466128413135e-07,0.000104716914933428
"oases6_k49_Locus_60818_Transcript_1_1",8.70117494489845,2.25226982255616,25.877421852325,3.63799565824342e-07,0.000139931460776935
"oases3_k25_Locus_52548_Transcript_1_1",6.95021337709466,2.51355897324973,25.8403506239508,3.70854014205563e-07,0.000140690836567245
"oases6_CL14329Contig1_1",5.60999915895462,3.74226978101691,25.5632070944352,4.28125556496666e-07,0.000160223096778631
"oases6_k43_Locus_18369_Transcript_1_1",4.27283955819695,5.56632739057993,25.4589504977408,4.51896262241866e-07,0.000166864201153683
"oases3_k43_Locus_49544_Transcript_1_1",8.14043187392742,1.64785288327626,25.3923705687659,4.67764436507694e-07,0.000170450898745317
"oases3_k43_Locus_49382_Transcript_1_1",7.75072563999629,3.68978273512167,25.2396656242096,5.06301294183513e-07,0.000182097507027509
"oases6_k49_Locus_57785_Transcript_1_1",8.90925340798022,2.0817844574941,25.0755954335136,5.51261351145437e-07,0.000195458893894422
"oases3_k25_Locus_53364_Transcript_5_1",7.07383185117873,2.85207427958733,25.0536651762654,5.57566715449533e-07,0.000195458893894422
"oases6_k43_Locus_33951_Transcript_3_1",5.95370627123533,5.08394582428432,24.9143688861447,5.99340453579579e-07,0.000207476681517911
"oases3_k49_Locus_49382_Transcript_5_1",8.24993528414975,3.06196560270733,24.7802040649834,6.4253987326585e-07,0.000219685175928697
"oases6_k43_Locus_3992_Transcript_1_1",-5.54577115403289,6.50057591827493,24.6565420741196,6.8511784419353e-07,0.000229386380048102
"oases6_CL17387Contig1_1",7.20243766974559,3.86347732531409,24.6499091566567,6.87479943092095e-07,0.000229386380048102
"oases2_k25_Locus_43190_Transcript_1_1",7.71990535329964,1.45681190560286,24.5097701283263,7.39339857351868e-07,0.000240627569694802
"oases3_k31_Locus_50510_Transcript_4_1",6.52662556996414,2.67178206844582,24.4899560254659,7.46982207107876e-07,0.000240627569694802
"oases3_k43_Locus_48964_Transcript_2_1",8.75351603170582,1.92326193485555,24.4892999138608,7.47236621425326e-07,0.000240627569694802
"oases3_k43_Locus_456_Transcript_10_1",6.50705948155869,3.42926737945651,24.2878415907867,8.29610748441907e-07,0.000263453667484818
"oases3_k31_Locus_50870_Transcript_3_1",8.34244291728813,1.81796408655671,24.2704254235264,8.37146051081968e-07,0.000263453667484818
"oases3_k49_Locus_48658_Transcript_5_1",8.0177111956481,1.66892398016494,24.064014819416,9.31855479209974e-07,0.000288868517966748
"oases6_k31_Locus_53954_Transcript_1_1",7.1122261210143,2.20690108915547,24.0497893570378,9.38765314400495e-07,0.000288868517966748
"oases3_k49_Locus_51225_Transcript_1_1",7.3521177525258,6.63772623993858,23.8751767465065,1.0278868857678e-06,0.000312816477081906
"oases3_k49_Locus_6476_Transcript_4_2",6.41200693142613,2.67121687214615,23.6045772952591,1.18305762166733e-06,0.000356126062765814
"oases6_k37_Locus_56259_Transcript_1_1",8.18821949743006,1.689143762211,23.5035885961646,1.24680993124215e-06,0.000371281228342152
"oases6_k25_Locus_55545_Transcript_1_1",8.15168934945719,1.36126516576038,23.4101985156321,1.30882809233727e-06,0.000385157212294442
"oases3_k25_Locus_55865_Transcript_1_1",8.28777542305758,2.04644701804592,23.392067461733,1.32122247302564e-06,0.000385157212294442
"oases6_k49_Locus_58100_Transcript_2_1",8.26133639614558,2.0011030815888,23.3622045080203,1.34189392565707e-06,0.000387108441428613
"oases3_k25_Locus_52522_Transcript_1_1",8.03921822224335,2.01010320781657,22.9439275435552,1.66796276420063e-06,0.000476211966925487
"oases6_k49_Locus_16838_Transcript_6_1",-6.21364422657837,4.90125651520094,22.8421717568388,1.7586416111895e-06,0.000496977763064103
"oases3_k43_Locus_38344_Transcript_3_1",5.50457538636083,3.04876508221748,22.2980957695219,2.33437979401429e-06,0.000653013272883148
"oases6_k25_Locus_62086_Transcript_2_1",8.1125457100926,1.65131608923459,22.2766281502844,2.36062365588754e-06,0.000653751115261494
"oases3_k43_Locus_9936_Transcript_3_1",4.76106065021658,4.82336694772404,22.2104201595745,2.44344084960533e-06,0.000668274833436688
"oases3_k31_Locus_8441_Transcript_8_2",7.12563810013169,2.27663846087867,22.1964157607807,2.46132855530231e-06,0.000668274833436688
"oases6_k31_Locus_55698_Transcript_1_1",8.57420247143902,1.61122114864503,22.0298283483142,2.68446033776497e-06,0.000721781015476341
"oases6_k37_Locus_22955_Transcript_1_1",8.2236825573295,1.72759368488167,21.9202094552334,2.84224899095505e-06,0.00075207747654613
"oases3_k49_Locus_28281_Transcript_1_1",8.34778721637626,2.12600961060896,21.914005189665,2.85145284311922e-06,0.00075207747654613
"oases2_k31_Locus_45641_Transcript_1_1",7.68333255530219,1.45811433159528,21.8783125630291,2.90498570301276e-06,0.000753781717068484
"oases6_CL1263Contig1_1",6.28144893517528,2.53973767288656,21.8598347043537,2.93309430249863e-06,0.000753781717068484
"oases6_k49_Locus_62996_Transcript_1_1",7.71025571480721,1.44101997876959,21.8427422113882,2.95933838544171e-06,0.000753781717068484
"oases6_k25_Locus_51852_Transcript_1_1",6.4297235131294,1.92695432820022,21.8379185234038,2.96678728823806e-06,0.000753781717068484
"oases6_k49_Locus_58473_Transcript_1_1",4.74527106634248,5.70442154558366,21.6070418986944,3.34621017743616e-06,0.000836127203314961
"oases2_k43_Locus_1673_Transcript_2_1",-4.37496407441559,8.20994629659284,21.5842049890146,3.38629104122543e-06,0.000836127203314961
"oases6_k49_Locus_9152_Transcript_6_1",6.42232800888858,6.23855988649061,21.5750115635601,3.40256201962503e-06,0.000836127203314961
"oases6_k31_Locus_50052_Transcript_1_1",6.79047894824937,2.25581294953984,21.5698930364056,3.41165501460932e-06,0.000836127203314961
"oases6_k25_Locus_8762_Transcript_4_1",-6.45838577345602,1.26719920886338,21.5063900036503,3.52651598158833e-06,0.000856695908720238
"oases6_k25_Locus_55401_Transcript_1_1",7.79893461687466,1.61971925609445,21.4359832765915,3.65840599715406e-06,0.000881007788566823
"oases2_CL13523Contig1_1",-6.05851823363934,4.78040075465747,21.2476202960327,4.03611148923167e-06,0.000956222868829092
"oases3_k25_Locus_40865_Transcript_1_1",6.57257153017654,2.79854145965575,21.245871898275,4.03979474445742e-06,0.000956222868829092
"oases3_k49_Locus_9807_Transcript_5_3",7.51625438400774,2.50954132192993,21.1976800058287,4.14265667114596e-06,0.000972260456362001
"oases3_k49_Locus_49050_Transcript_1_1",6.30172540239663,2.49565942956469,21.1774476282448,4.18662070048806e-06,0.000974321627557281
"oases3_k31_Locus_33904_Transcript_1_1",4.5369178307609,3.1323199878495,21.0702740861352,4.42743381122699e-06,0.00102177793306767
"oases6_k25_Locus_56775_Transcript_1_1",7.68285015166101,1.52015691946549,20.9790191643317,4.64340683815537e-06,0.0010627645369907
"oases6_k43_Locus_55712_Transcript_2_1",5.71153295349137,2.57008197903461,20.936533071276,4.74753543206374e-06,0.00107769054307847
"oases6_k25_Locus_56462_Transcript_1_1",7.69598607132514,1.28928542690107,20.8126409109672,5.06475687892572e-06,0.00114035265857698
"oases2_CL6127Contig1_1",-3.92096563816051,5.14903901268462,20.7692982966981,5.18068678545883e-06,0.00115553990915665
"oases6_k49_Locus_57714_Transcript_1_1",6.99913349888616,5.95240926818919,20.7509284242442,5.23062139894811e-06,0.00115553990915665
"oases2_CL246Contig1_1",5.79757434100928,8.41012836713699,20.7411548766249,5.25738530200541e-06,0.00115553990915665
"oases2_k25_Locus_22851_Transcript_3_1",5.6202807663458,4.87668552459934,20.7217364519068,5.31096927644494e-06,0.00115812585151076
"TRINITY_DN26449_c0_g1_i1",8.38524947929063,1.95216168317437,20.6853971966741,5.41272238387915e-06,0.0011710932320246
"oases6_k49_Locus_59430_Transcript_3_1",6.16430679458553,7.49004926117799,20.5046064576479,5.94879146924188e-06,0.00127709946472236
"oases6_k43_Locus_61060_Transcript_1_1",7.21536380974334,2.02719460947467,20.4311241913469,6.18162356008534e-06,0.00131687602210003
"oases6_k43_Locus_36842_Transcript_2_1",5.83893777294618,3.61522423730531,20.3958440338539,6.29663908960876e-06,0.00133113834311164
"oases2_CL13503Contig1_1",5.75089698645312,4.87470764884455,20.2631819302985,6.74868633613662e-06,0.00141589484388612
"oases6_k25_Locus_49761_Transcript_1_1",8.32517747540159,2.46955339012075,20.2023183720091,6.96684507323683e-06,0.00144477104226592
"oases6_k25_Locus_26338_Transcript_1_1",6.63845232965528,2.71208190125775,20.1957906545512,6.99065933644955e-06,0.00144477104226592
"oases3_k43_Locus_49973_Transcript_1_1",7.06409433074402,1.79347749514894,20.0861098624566,7.40324023152925e-06,0.00151870618497756
"oases3_k49_Locus_29551_Transcript_2_1",8.11266829043979,2.17704332035437,20.0330972709435,7.61133177663763e-06,0.00154991339869267
"oases3_k49_Locus_41721_Transcript_1_1",6.97426057115141,1.64001935984433,19.9582322742101,7.91524220118753e-06,0.00160003443445027
"oases6_CL2480Contig1_1",6.83054292421644,2.19966374689552,19.8990775880559,8.16397057534853e-06,0.00163835508053407
"oases3_k37_Locus_5192_Transcript_6_1",-5.00266202046701,6.87312966666222,19.8367309523646,8.43461927979211e-06,0.00168049170024865
"oases3_k25_Locus_54813_Transcript_2_1",7.75072588977116,1.19312068829829,19.7668617774577,8.74864297697177e-06,0.00173060656145897
"oases3_k49_Locus_49884_Transcript_1_1",6.16953910669468,1.81828583365137,19.6732674374879,9.187771671928e-06,0.00179623070932141
"oases6_k43_Locus_57410_Transcript_1_1",7.36227988501205,1.65729832205646,19.6601122695392,9.25124251347538e-06,0.00179623070932141
"oases2_k37_Locus_51390_Transcript_1_1",4.95868919784327,3.49743648190471,19.6552178982417,9.27496899808486e-06,0.00179623070932141
"oases6_k49_Locus_19029_Transcript_2_1",5.35270883592218,3.2406081331573,19.6084985879841,9.50454838317018e-06,0.00182304707243768
"oases6_k31_Locus_55381_Transcript_5_1",7.11018291689338,2.22818238125911,19.6003654903971,9.54509372078658e-06,0.00182304707243768
"oases3_k31_Locus_51145_Transcript_3_1",7.70297159069515,1.18429473467433,19.5655866216483,9.72044261214635e-06,0.00184382149110124
"oases6_k49_Locus_59690_Transcript_1_1",6.8927363525409,2.22519495641125,19.5135770316542,9.98871944226702e-06,0.00188182038254519
"oases3_k37_Locus_32175_Transcript_6_1",3.96430997660596,4.28583472993394,19.4872943101214,1.01271066381133e-05,0.00189500061645885
"oases3_k25_Locus_18432_Transcript_3_1",7.31777273697136,0.943349824838513,19.4741950463124,1.01967957742007e-05,0.00189523531658198
"oases3_CL1463Contig1_1",6.52438408518224,3.38351184140952,19.4399312102338,1.03813677364199e-05,0.00191667732061608
"oases3_CL17685Contig1_1",3.86303248002317,5.61708100545563,19.4084815386421,1.05537317854708e-05,0.00193559634481344
"oases3_k49_Locus_11972_Transcript_3_1",7.61299906645947,1.16083777081185,19.356302634255,1.08460676209872e-05,0.00197612497826065
"oases6_k31_Locus_55853_Transcript_2_1",5.71257957076924,0.489522385865838,19.3204701468382,1.10515176054874e-05,0.00200039691873443
"oases6_k49_Locus_57643_Transcript_1_1",5.06301151783095,4.07111528754583,19.2258656182703,1.16129212479663e-05,0.0020883652015661
"oases6_k37_Locus_56175_Transcript_1_1",6.71604054188156,1.87091032659133,19.0714494561567,1.25914543328193e-05,0.00224972733092321
"oases6_k43_Locus_5868_Transcript_3_2",4.81258687663197,3.32705718917545,19.0394469112834,1.28043918356534e-05,0.00227310786856786
"oases6_k43_Locus_32784_Transcript_1_1",5.68152995689358,3.67187484330905,18.9641741430946,1.33196065711815e-05,0.00234260012622279
"oases6_k25_Locus_54242_Transcript_1_1",6.19061205928802,1.30509324592731,18.9567250063118,1.33717119630765e-05,0.00234260012622279
"oases3_k31_Locus_37174_Transcript_1_1",7.49492567617969,1.27542380049539,18.945643077087,1.34496071376263e-05,0.00234260012622279
"oases6_CL3723Contig1_2",6.40615727644193,1.03676935332043,18.8720775398902,1.39783837421356e-05,0.00240578424961273
"oases2_k25_Locus_2051_Transcript_4_1",-5.01647065779789,7.99497704919959,18.8710237991,1.39861076113111e-05,0.00240578424961273
"oases6_CL2677Contig1_1",6.21576864966833,4.95182154172256,18.8299022616488,1.4290897732504e-05,0.00244303778891337
"oases3_k49_Locus_49605_Transcript_8_1",6.46191481998714,2.21054908282851,18.787164399913,1.46147399633732e-05,0.00247817673679989
"oases3_k43_Locus_21916_Transcript_1_1",-6.25409581275951,5.55103328350109,18.7792627382975,1.46754165102615e-05,0.00247817673679989
"oases3_CL10153Contig1_2",8.21716216797998,1.8353941716107,18.699230738459,1.53044217442349e-05,0.00256873124718086
"oases6_k25_Locus_55101_Transcript_1_1",7.27017424949361,3.16533330135785,18.6790428449271,1.54673190933223e-05,0.00258043334319558
"oases2_k25_Locus_16219_Transcript_3_1",4.32224507391569,4.29939917958609,18.6507206692874,1.56987921937231e-05,0.00260336737133513
"oases3_k25_Locus_41872_Transcript_2_1",7.6850937587537,1.5638647732854,18.6189295331327,1.59627640949775e-05,0.00263138564789469
"oases6_k49_Locus_62084_Transcript_4_1",7.64963781854859,1.19685426292291,18.5715498251489,1.63644697077184e-05,0.00268164274606836
"oases6_k43_Locus_32376_Transcript_1_1",6.69933294541578,3.45269587638944,18.3637607188036,1.8249614653407e-05,0.00296236703197497
"oases2_k25_Locus_37364_Transcript_6_1",6.55742703980332,1.05817966178913,18.3593929638764,1.82914986086416e-05,0.00296236703197497
"oases2_CL3507Contig1_1",6.42856849402906,1.38002643071244,18.1999625540815,1.98882744911461e-05,0.00319526125815436
"oases3_k43_Locus_49342_Transcript_6_1",6.60178620081267,1.63638046318172,18.1930789140492,1.99602873424101e-05,0.00319526125815436
"oases2_k31_Locus_7483_Transcript_3_1",9.20782038748153,2.13495401770726,18.1687266654463,2.02171562481359e-05,0.00321778117894181
"oases3_k31_Locus_2345_Transcript_4_1",-4.09046903557712,4.40557174763957,18.0552767922833,2.1458307867525e-05,0.00339580787476136
"oases6_CL13619Contig1_1",-3.94804127891459,5.8415844846952,18.0372269792414,2.16627155011551e-05,0.00340440933524609
"oases3_k37_Locus_13761_Transcript_11_1",5.70298858099277,1.02396710641053,18.0288259664487,2.17585199804491e-05,0.00340440933524609
"oases3_k31_Locus_18083_Transcript_3_1",6.12688771096315,6.9914399514818,17.9060918691234,2.32077062153445e-05,0.00361075402206601
"oases3_k25_Locus_25691_Transcript_4_1",6.50123050305888,3.17645022684879,17.7411467692271,2.5309256676234e-05,0.00391572376755098
"oases3_k25_Locus_34163_Transcript_7_1",6.72476224971978,1.35648048564032,17.6760683309466,2.61901051730236e-05,0.00402949318145397
"oases6_k43_Locus_11426_Transcript_15_1",5.9972488379196,1.2841633962401,17.6443907204475,2.66299497986405e-05,0.00407452944598646
"oases6_k25_Locus_9281_Transcript_1_1",6.41770870219057,1.69233568552012,17.614179012589,2.70563545775178e-05,0.00411702573444933
"oases6_CL15047Contig1_1",5.44025868212473,6.47060875992127,17.5856275022421,2.74656319377782e-05,0.00415646563325044
"oases3_k37_Locus_50015_Transcript_1_1",5.65159613850496,3.39158080009945,17.5712109130604,2.76746474434702e-05,0.00416533525162751
"oases3_k25_Locus_52405_Transcript_1_1",7.16919672075884,0.903197560398257,17.542577625218,2.80945325356058e-05,0.00418627655320507
"oases3_k31_Locus_71593_Transcript_1_1",6.06097941798296,1.32947143275698,17.5411181024807,2.81161059758844e-05,0.00418627655320507
"oases6_k25_Locus_17907_Transcript_2_1",5.13878462662235,2.76402892541072,17.5106865937796,2.85697307075729e-05,0.00423107017227552
"oases6_k37_Locus_36803_Transcript_3_1",3.98886001980354,5.51691392720686,17.4944732219774,2.88144097507284e-05,0.00424460778530144
"oases2_CL605Contig2_1",4.88666563239901,3.29124431676603,17.4772673441425,2.90763705414429e-05,0.00426053442208847
"oases3_k43_Locus_50461_Transcript_3_1",7.87748645641926,1.69425495510209,17.4586632144061,2.93623136013189e-05,0.00427172084174307
"oases6_k31_Locus_56985_Transcript_3_1",8.67949102940909,2.63266002024033,17.4522712910333,2.94612075096745e-05,0.00427172084174307
"oases6_k25_Locus_35357_Transcript_1_1",6.51724645888647,2.74033561225155,17.4260508781077,2.98703971044369e-05,0.00427687774714022
"oases3_k31_Locus_52088_Transcript_1_1",7.12196652015086,5.95474024864221,17.4259685704302,2.9871690530193e-05,0.00427687774714022
"oases3_k25_Locus_53037_Transcript_1_1",5.66406698205477,3.04221588672455,17.4203527344054,2.99600737685131e-05,0.00427687774714022
"TRINITY_DN35464_c0_g3_i1",4.96463205460091,2.22856335298202,17.3930200239379,3.03940086826537e-05,0.0043165726997816
"oases6_k37_Locus_55772_Transcript_2_1",6.63920714487628,1.42659564901034,17.3765075913415,3.06592154601783e-05,0.00433202200486826
"TRINITY_DN41364_c1_g2_i2",7.07421191811661,1.32993413289034,17.3497194945202,3.10944161504987e-05,0.00437121198412137
"oases6_k37_Locus_11488_Transcript_5_2",6.00840497542513,1.86373708987069,17.3126873848247,3.17062847025335e-05,0.00443471640682809
"oases3_k43_Locus_49376_Transcript_3_1",6.09026285028205,2.32136797147139,17.2991284853278,3.19333276879799e-05,0.00444402802507998
"oases6_k25_Locus_55320_Transcript_3_1",6.0969550131973,2.80852292661309,17.2815022318475,3.22309228912426e-05,0.00444898593313017
"oases3_k37_Locus_29971_Transcript_1_1",6.50152191512441,4.11388404675763,17.2780079325917,3.22902496049384e-05,0.00444898593313017
"oases6_k49_Locus_9724_Transcript_10_1",4.77994443711952,4.71471709542777,17.2469187631902,3.28229419249543e-05,0.00449999283994893
"oases6_CL13130Contig1_1",-4.57236112490152,8.22888280897528,17.1931220842501,3.37656636641713e-05,0.00460643492372197
"oases3_k25_Locus_34860_Transcript_8_1",5.23836921600481,2.4648554046945,17.1661348240571,3.42487856158298e-05,0.00463790515290384
"oases6_k49_Locus_57958_Transcript_1_1",4.94765722569253,3.49001224039989,17.1615647743244,3.43312831784967e-05,0.00463790515290384
"oases6_k43_Locus_57161_Transcript_1_1",6.44335369405213,2.02005716030793,17.1172947224116,3.51408487354545e-05,0.00470635301929355
"oases2_k49_Locus_2868_Transcript_1_1",-4.86459414985539,7.33366547434425,17.1038964103491,3.53896255419646e-05,0.00470635301929355
"oases6_k25_Locus_22294_Transcript_1_1",6.755799101055,0.902634245144451,17.0989616137828,3.54816991403857e-05,0.00470635301929355
"oases3_k31_Locus_3020_Transcript_3_1",-4.52377630687306,8.57633973316563,17.097034450152,3.55177215654059e-05,0.00470635301929355
"oases3_k49_Locus_2990_Transcript_10_1",4.21154524231708,2.57560054605169,17.0806491131257,3.58254840329621e-05,0.00472452835623263
"oases6_k25_Locus_55770_Transcript_1_1",7.03731228695996,1.28919471832639,17.0631111851881,3.61578660867655e-05,0.00474576276496154
"oases3_k31_Locus_52792_Transcript_5_1",4.32046779424952,6.66078287177051,17.0178478725013,3.70300997282784e-05,0.00483731878242898
"oases6_k43_Locus_58376_Transcript_1_1",7.02324831808325,1.04129486013591,16.9525990548561,3.83248153723928e-05,0.00498294571325374
"oases6_k25_Locus_19377_Transcript_1_1",6.8020243267461,1.06402347643002,16.8655628945043,4.01229747781526e-05,0.00519236291358018
"oases6_k49_Locus_57992_Transcript_5_1",6.984813987158,0.949397132475107,16.8244815986617,4.10009392119451e-05,0.00528130237458423
"oases6_k43_Locus_41073_Transcript_7_1",4.81584057214548,2.34647125302675,16.8113857874218,4.12848547302361e-05,0.00529325355045906
"oases6_k49_Locus_57707_Transcript_1_1",6.72592136419543,2.38255223311068,16.7249234794129,4.32096030710699e-05,0.00551450114032354
"oases3_k43_Locus_46688_Transcript_5_1",6.63891362424372,5.69165006691732,16.6724139483812,4.4422297950571e-05,0.00564326201579409
"oases6_CL4509Contig1_2",5.00150084644553,3.68335190944042,16.6249317156497,4.55483268913479e-05,0.00575988751109127
"oases6_k25_Locus_11003_Transcript_15_1",-6.97639338120636,1.72285315159376,16.5844645601735,4.65306203344015e-05,0.00585735908882234
"oases6_k49_Locus_21714_Transcript_7_1",5.4645605235319,2.16244617577631,16.5484584462029,4.74225213720714e-05,0.00594262129809116
"oases6_CL12374Contig1_1",5.62282418898162,5.60959177054594,16.4988007301297,4.86808559593628e-05,0.00604697233669865
"oases3_k49_Locus_48924_Transcript_6_1",7.31103842755418,3.3259205452361,16.4906093663883,4.88916288017958e-05,0.00604697233669865
"oases2_CL9236Contig1_1",3.68366972580672,4.58268751984946,16.4898855143038,4.89102983830612e-05,0.00604697233669865
"oases6_k43_Locus_1274_Transcript_6_1",-3.73333831218985,4.68950559178067,16.4117007325023,5.0969627963197e-05,0.00626470801358714
"oases3_k25_Locus_52743_Transcript_1_1",7.48834447525518,5.00503740911666,16.4059738279084,5.11238539420341e-05,0.00626470801358714
"oases3_k25_Locus_46117_Transcript_1_1",6.61215798988226,1.2861871610823,16.3865335756214,5.16508900031789e-05,0.00630140858038782
"oases3_k49_Locus_49150_Transcript_2_1",6.54875264911268,1.56544658765076,16.3681955122367,5.21530518659113e-05,0.00631745694635
"oases2_CL10721Contig1_1",3.62680593171693,6.31278914478501,16.3650867279704,5.22386668850347e-05,0.00631745694635
"oases3_CL2550Contig1_2",4.73924907094825,3.23977871346995,16.3380411252357,5.2989483441971e-05,0.0063803945845302
"oases6_k37_Locus_21265_Transcript_10_1",5.24146552004291,4.70200084642967,16.2332365441125,5.60029248123551e-05,0.00671404761797992
"oases3_k37_Locus_2363_Transcript_9_1",3.47850373583688,4.07007302779881,16.2184123702542,5.64428565499143e-05,0.00673762271247124
"oases3_k25_Locus_34449_Transcript_2_1",6.79705572625127,2.41747676931093,16.1589582654299,5.82424562738743e-05,0.00687936519907087
"oases6_k25_Locus_55154_Transcript_1_1",5.89255402852402,0.821073275282498,16.1561092129043,5.83301279189546e-05,0.00687936519907087
"oases3_k37_Locus_42699_Transcript_1_1",6.03911962594236,1.67575251704681,16.1421279101587,5.87622910951836e-05,0.00687936519907087
"oases3_k43_Locus_36523_Transcript_1_1",4.88494043648687,2.5316818435997,16.1366421210687,5.89327355627136e-05,0.00687936519907087
"oases3_k37_Locus_49893_Transcript_5_1",6.05823473871507,1.55115776537391,16.1358329494052,5.89579187175471e-05,0.00687936519907087
"oases6_k31_Locus_1500_Transcript_6_1",3.89473680364891,4.81508668180019,16.1302847403042,5.91308826175174e-05,0.00687936519907087
"oases6_k25_Locus_55886_Transcript_1_1",7.05794607519102,1.26092242830216,16.122669546236,5.93691154249274e-05,0.00687936519907087
"TRINITY_DN24448_c0_g1_i1",6.80673520784411,1.97355485303528,16.1113670789319,5.97244811786094e-05,0.0068917074240017
"oases6_k25_Locus_55269_Transcript_1_1",7.48311868922236,2.1240455551133,16.0989684004823,6.01167744748979e-05,0.00690819067347644
"oases6_k37_Locus_39454_Transcript_1_1",5.33977056027375,2.77368685068273,16.0809330379921,6.06920433142125e-05,0.00694547705596611
"oases3_k37_Locus_49784_Transcript_1_1",5.87298845999996,0.886825391089176,15.9788357051883,6.40545851238801e-05,0.00730011391119644
"oases3_k25_Locus_52332_Transcript_1_1",6.64245133282469,0.745274930976427,15.9357653532273,6.55287108795226e-05,0.00743750868482581
"oases6_k43_Locus_26340_Transcript_1_1",4.88234746010557,1.87087626700551,15.8387808729063,6.89742605784078e-05,0.00779662519370786
"oases3_k25_Locus_6960_Transcript_4_1",4.6222680071295,5.72184061772708,15.8166849053603,6.97844148380999e-05,0.0078561365224648
"oases6_k43_Locus_57305_Transcript_1_1",6.16467631182287,1.84340724699168,15.7899066337023,7.07790879859436e-05,0.00790992743391417
"oases3_k49_Locus_20311_Transcript_1_1",3.757399993324,4.66580863537736,15.7884536228318,7.08334658630286e-05,0.00790992743391417
"oases3_k25_Locus_33565_Transcript_1_1",5.4634140736895,1.00264767388854,15.7685068299584,7.15842224669208e-05,0.00796166046987512
"oases2_CL10746Contig1_1",5.3773250059727,1.77110233239732,15.7580400698242,7.19813667901677e-05,0.00797380788754761
"oases6_k49_Locus_49834_Transcript_2_1",5.04963219661494,2.31859507306248,15.7370049912842,7.27862248461587e-05,0.0079999838049512
"oases6_k43_Locus_53585_Transcript_3_1",5.89049233619881,1.96646127637827,15.7303354515279,7.30433047096197e-05,0.0079999838049512
"oases3_k25_Locus_54077_Transcript_1_1",6.41293946527653,2.13061921420516,15.7292747311875,7.30842746678939e-05,0.0079999838049512
"oases6_k49_Locus_57878_Transcript_1_1",5.80192372134672,2.89464065842556,15.7065726250929,7.39666990983298e-05,0.00806469986153207
"oases6_k49_Locus_57144_Transcript_1_1",3.89755815771121,4.28804205390164,15.6902983654278,7.46058634293348e-05,0.0081024893404392
"oases3_k31_Locus_18449_Transcript_8_1",4.20360492978419,1.53901716493951,15.6714765863797,7.53520128274756e-05,0.00815155720017231
"oases6_k43_Locus_58509_Transcript_1_1",6.70167904430951,0.708050087620292,15.6477393131818,7.63037404990383e-05,0.00822239606762788
"oases6_k37_Locus_3206_Transcript_1_1",-4.74875578027614,4.41447312220167,15.6079312771731,7.79270385329065e-05,0.00833707057369949
"oases6_k43_Locus_15369_Transcript_4_1",4.61014846549843,3.48338187443263,15.6068890161642,7.79700035599107e-05,0.00833707057369949
"oases3_CL20609Contig1_1",3.24048227818308,5.93740469676804,15.5456391115427,8.05372078314191e-05,0.00853012823963011
"oases6_k43_Locus_7788_Transcript_1_1",-4.52214123331167,9.93795903357918,15.5421738924903,8.06849635584547e-05,0.00853012823963011
"oases3_k43_Locus_50071_Transcript_3_1",5.93978794458114,0.832609576008261,15.5418319316042,8.06995594274243e-05,0.00853012823963011
"oases3_CL21354Contig1_1",-4.31917351636041,4.25616671801626,15.4177463476195,8.617519954515e-05,0.00907428127833986
"oases3_CL22691Contig1_1",6.39441495137918,8.35687421972267,15.3893314925624,8.74808094959485e-05,0.00915821410327069
"oases3_k31_Locus_28008_Transcript_1_1",6.13943858119985,1.45845900706456,15.3860327212355,8.76336656808959e-05,0.00915821410327069
"oases6_CL4747Contig1_1",3.96563354409424,5.30689146973853,15.352068127238,8.92232078142826e-05,0.009289276380484
"oases6_k31_Locus_42260_Transcript_1_1",4.53468707142902,3.38182550810217,15.3397840525835,8.98052188665654e-05,0.00931485292618225
"oases6_k25_Locus_55964_Transcript_1_1",5.42387422808493,1.52953328743859,15.3055196824833,9.14489105063512e-05,0.00944141722297012
"oases6_k49_Locus_59497_Transcript_1_1",7.40107159334469,1.90154560120577,15.3001902728289,9.17072735241916e-05,0.00944141722297012
"oases3_CL6473Contig1_1",-4.81573816066611,4.32038865212034,15.284989276607,9.24482409505927e-05,0.00947506125040366
"oases3_k43_Locus_11925_Transcript_3_1",5.01186814878551,2.32497063710792,15.2794787275857,9.27183360604966e-05,0.00947506125040366
"oases3_CL8826Contig1_1",3.70760193386623,3.76644920295678,15.2574546345141,9.38057815176677e-05,0.0095509460049643
"oases3_k25_Locus_2374_Transcript_20_1",4.74043551623143,2.52964961583368,15.2378742292789,9.4783342368548e-05,0.00961512777858816
"oases6_k49_Locus_25497_Transcript_3_1",6.03038974989259,3.84003358108432,15.2302080880139,9.51688647707232e-05,0.00961900197430805
"oases2_CL9059Contig1_1",5.00699637316494,4.68217941491105,15.2001260355682,9.66969666300993e-05,0.0097379119776508
"oases3_k31_Locus_19023_Transcript_5_2",4.98293506587415,1.9618314027365,15.1475712550347,9.94261288802985e-05,0.00997647541018474
"oases3_k43_Locus_7141_Transcript_3_1",-6.91543494240889,2.75767832205566,15.1058940508902,0.000101645432988606,0.0101623415927308
"oases6_k43_Locus_56595_Transcript_5_1",5.6865137913891,4.86350052827168,15.088395486437,0.000102592026082699,0.0102200847853751
"oases3_k43_Locus_11367_Transcript_10_1",6.11526937779178,1.12303976255337,15.0804425907441,0.000103025169192541,0.0102264481563378
"oases6_k49_Locus_19823_Transcript_1_1",-6.77851804912356,2.25770897700738,15.0482884740894,0.00010479524217886,0.0103649979889333
"oases3_k25_Locus_52571_Transcript_1_1",4.99369870634029,7.65279208668967,15.0074315638182,0.000107088629105936,0.010529872608924
"oases2_k31_Locus_33740_Transcript_1_1",7.04394693030787,1.10762412140655,15.0050712736782,0.000107222650238917,0.010529872608924
"oases3_k43_Locus_762_Transcript_1_1",3.04241917686321,5.06894064226588,14.937747840149,0.00011111729827983,0.0108737896062248
"oases3_k37_Locus_20668_Transcript_2_1",5.41345285802475,2.60232616183835,14.9307297560899,0.00011153140148381,0.0108758825094811
"oases6_k31_Locus_56539_Transcript_1_1",5.89032989250783,0.716157455873751,14.9195870772527,0.000112192070405512,0.0108867403634366
"oases6_k37_Locus_23255_Transcript_2_1",5.42402195254948,4.45037700460998,14.9156077585776,0.000112428964538993,0.0108867403634366
"oases6_k49_Locus_58347_Transcript_1_1",6.21712849785185,0.571480703981938,14.9007751890037,0.000113316411640045,0.0109003099209906
"TRINITY_DN34935_c0_g1_i2",5.88033837635039,0.629137083200157,14.9001113226595,0.000113356295849111,0.0109003099209906
"oases6_k49_Locus_50411_Transcript_1_1",5.17935802905132,3.72473999697364,14.8809203628908,0.000114515391750523,0.0109736652565363
"oases6_k25_Locus_29061_Transcript_1_1",-4.88752697541732,5.81871931334953,14.8469484555744,0.000116596557902774,0.0111345692226187
"oases3_CL17600Contig1_1",7.00047387503061,2.39787313039727,14.8278489006086,0.000117783299430819,0.0112092463726361
"oases3_k43_Locus_6739_Transcript_1_1",10.9795671697768,7.45656540421841,14.8197498621967,0.000118290193214059,0.0112147015323646
"oases6_k43_Locus_826_Transcript_2_1",-5.8566580750192,3.09304065519212,14.8140138267635,0.000118650521736941,0.0112147015323646
"oases2_k49_Locus_14071_Transcript_3_1",3.95661883532057,4.58594441359978,14.7850736717833,0.000120485415883519,0.0113204089068909
"oases6_k25_Locus_18962_Transcript_1_1",4.59175834174304,2.16525608039336,14.7742058316865,0.000121181824283786,0.0113204089068909
"oases3_k37_Locus_5347_Transcript_5_1",-3.7438936145776,5.47439761728275,14.7719369983869,0.000121327721022301,0.0113204089068909
"oases6_k37_Locus_8028_Transcript_3_1",3.24362136954946,8.04822456680375,14.7707524026032,0.000121403966395125,0.0113204089068909
"oases6_k37_Locus_9686_Transcript_2_1",5.82291889406462,2.02057137153003,14.7376594093553,0.000123553571999714,0.0114630599344498
"oases2_k25_Locus_5390_Transcript_4_1",2.63058936306016,5.96107019385118,14.7344870060712,0.000123761642247436,0.0114630599344498
"oases6_k37_Locus_12135_Transcript_23_1",3.36640944445965,5.70113503530554,14.7165178684373,0.000124946869676228,0.0115342620293781
"oases3_CL7056Contig1_2",4.88178331078692,5.47391344861693,14.6971188892803,0.000126239238584013,0.0115981322807862
"oases2_k25_Locus_15656_Transcript_1_1",5.19472048605512,1.78728339511299,14.693581513261,0.000126476346818713,0.0115981322807862
"oases6_CL11532Contig1_1",5.89991902594471,1.89157685807967,14.6860092885018,0.00012698541674961,0.0116063832721574
"TRINITY_DN66924_c0_g1_i1",5.79954077701209,0.601310949899085,14.6322549044497,0.000130659041351247,0.0119028667473073
"oases6_k25_Locus_55374_Transcript_2_1",7.86623848350319,1.73111848722214,14.5240592878089,0.000138380916886217,0.0125649872532685
"oases6_k25_Locus_55317_Transcript_1_1",7.13988324407988,1.61578645838154,14.4804842546911,0.000141619174283593,0.0128169980804243
"oases3_k31_Locus_5056_Transcript_2_1",-4.43745461488525,2.73943270654844,14.4699839719681,0.000142410839721783,0.0128466638281924
"oases6_k25_Locus_40948_Transcript_1_1",-6.51754253636362,1.07935803372663,14.4177667671817,0.000146414418282097,0.0131365910814833
"oases3_k49_Locus_6152_Transcript_1_1",-4.49237978736317,7.70625549974827,14.4139234168997,0.000146713533886075,0.0131365910814833
"oases6_CL2771Contig1_1",4.61103842223165,3.89427769361957,14.4096370641488,0.000147047852793379,0.0131365910814833
"oases6_k31_Locus_56092_Transcript_1_1",5.74886601247277,0.57795192690803,14.3824821329749,0.00014918372949994,0.0132845472822229
"oases3_k43_Locus_19009_Transcript_2_1",3.10771873231871,5.51740982760893,14.3480479356258,0.000151937144852145,0.0134863695177414
"oases3_k31_Locus_2171_Transcript_2_2",4.4205090518253,2.86919070939513,14.338364381667,0.000152720636855343,0.013512604846875
"TRINITY_DN28996_c0_g1_i1",6.31273545672302,0.766079389785755,14.313439588489,0.00015475605571876,0.0136490898314501
"oases3_k43_Locus_3565_Transcript_1_1",-3.90476713870887,5.56789026969226,14.2822053974282,0.000157345328270086,0.0138334016543231
"oases6_k25_Locus_56346_Transcript_4_1",5.95119634040834,1.86417374576377,14.213000303969,0.000163238846125128,0.0143061284955358
"oases2_k25_Locus_43940_Transcript_1_1",-8.42491376681926,2.70010844612027,14.1970133900791,0.000164631609281274,0.0143826744083142
"oases6_k25_Locus_57003_Transcript_3_1",5.73338067587793,0.55927815699401,14.1887756489981,0.000165353938503177,0.0144003521160597
"oases3_k43_Locus_49111_Transcript_10_1",6.20514793301912,1.91995170704544,14.1723388005424,0.000166804761746898,0.0144627553699044
"oases3_CL22180Contig1_1",-3.75868583038875,4.49037700616662,14.1688431440685,0.000167114960582416,0.0144627553699044
"oases6_k43_Locus_17325_Transcript_1_1",4.74941353950837,1.92875310678426,14.1385612524228,0.000169826559521132,0.0146516409326425
"oases2_k25_Locus_54134_Transcript_1_1",5.6961602456572,0.554159118488713,14.1285426208545,0.000170733401319211,0.0146635214908432
"oases6_k25_Locus_46550_Transcript_4_1",5.78770356922833,1.81211435711198,14.1231190772679,0.000171226349375734,0.0146635214908432
"oases3_k31_Locus_19023_Transcript_5_1",6.39891973891429,0.495830398782935,14.1161384613881,0.000171862930844507,0.0146635214908432
"oases3_k25_Locus_13298_Transcript_1_1",-4.4693802650653,6.11653006836003,14.1114733149929,0.000172289686591574,0.0146635214908432
"oases6_CL15456Contig1_1",3.02422462273338,5.20581765281218,14.1079610361843,0.000172611685058673,0.0146635214908432
"oases3_k49_Locus_4975_Transcript_1_1",-2.85941193614099,6.43132810590679,14.0282178906368,0.000180087737655682,0.0152097281237186
"oases6_k37_Locus_23899_Transcript_6_2",4.97464083280342,4.3103278267479,14.0276746396701,0.000180139771234913,0.0152097281237186
"oases6_k31_Locus_13646_Transcript_1_1",-5.84001294356379,2.95079343817599,13.9949317358439,0.00018330407217325,0.015429857066158
"oases3_k25_Locus_53517_Transcript_1_1",5.4727434643985,1.60295723164258,13.9888317596904,0.000183899736809948,0.0154330888218627
"oases3_k37_Locus_50608_Transcript_1_1",6.58915176558013,1.41851301079969,13.9712016631434,0.000185632305583213,0.0155310226482305
"oases6_k43_Locus_19053_Transcript_2_1",-6.31691472868447,2.40186627028786,13.9655788761669,0.000186188326684933,0.0155310226482305
"oases3_CL20539Contig1_1",5.65618305696467,1.06460365064285,13.9599052336456,0.000186751077240551,0.015531184183483
"oases3_k49_Locus_37610_Transcript_10_1",5.73449099379453,1.39833826543908,13.9125090699256,0.000191519599405882,0.0158248775157057
"oases6_CL16651Contig1_1",-4.26431532983228,5.60156743380609,13.9116810895796,0.000191603983533781,0.0158248775157057
"oases6_k31_Locus_56807_Transcript_2_1",4.75401347933924,3.60300243163207,13.9078317766393,0.00019199678072063,0.0158248775157057
"oases6_k25_Locus_51349_Transcript_1_1",5.11032589741207,2.27685628406432,13.8951057409548,0.000193301172706265,0.0158851118009712
"oases3_k31_Locus_11292_Transcript_2_1",-4.75514396147655,3.95461681206551,13.8611463557266,0.000196825804389362,0.0161269048128964
"oases2_CL10009Contig1_1",4.92087209694101,2.72374503716379,13.8325007805009,0.000199849216210923,0.0163263250552959
"oases3_CL3085Contig1_1",6.45077376465493,1.49359863933001,13.8200910334119,0.00020117349332112,0.0163861727177503
"oases6_CL2215Contig1_2",6.12393618578601,3.24553719874905,13.7985904312752,0.000203488842004371,0.0165261583298213
"oases6_k25_Locus_57834_Transcript_1_1",5.80878101296332,0.530205008754028,13.7900732048961,0.000204413449069997,0.016552707773522
"oases6_k49_Locus_52242_Transcript_1_1",4.75630505793842,0.89376760886547,13.7498844554619,0.000208833665092297,0.0168613397115629
"oases6_k37_Locus_56230_Transcript_2_1",6.25671637849137,0.682682380045975,13.7175532078542,0.000212459473017625,0.0171042228074131
"oases2_k49_Locus_12290_Transcript_3_1",-5.33479207938766,7.33343530774849,13.7020496045021,0.000214220568271496,0.0171623547564706
"oases3_k37_Locus_5460_Transcript_15_1",-3.64606561449435,6.44783076965757,13.700293407131,0.000214420984535959,0.0171623547564706
"oases6_CL4506Contig1_1",5.89508795192047,0.957201077486901,13.6763991307175,0.0002171666323793,0.0173320251213612
"oases3_k49_Locus_49545_Transcript_1_1",6.50812056489211,1.36921399226103,13.6455088806735,0.000220768746949251,0.0175688783850936
"oases6_CL14803Contig1_1",5.65733909949481,2.10136091604547,13.6313637029907,0.000222438254640504,0.0176510172607855
"oases6_k43_Locus_47256_Transcript_3_1",4.43612108037085,2.3008461634597,13.6102022823878,0.000224959648888781,0.0178000929037883
"oases6_k43_Locus_29985_Transcript_7_1",6.39432649144856,2.47165407060639,13.5980729838868,0.000226417825282027,0.0178644309212548
"oases3_k37_Locus_12960_Transcript_5_1",-5.29345099811932,5.01628846200413,13.5233328322033,0.000235615607622581,0.0185150123735014
"oases6_k25_Locus_7755_Transcript_5_1",5.45619073275258,3.77320925745249,13.5202692452298,0.000236000554916082,0.0185150123735014
"oases6_CL12373Contig1_1",3.88952242606763,3.71450092463089,13.4994733831598,0.000238630413433595,0.0186684482192937
"oases6_k43_Locus_57722_Transcript_1_1",5.29039021742066,0.999240246037243,13.4473235756326,0.000245355954443931,0.0191405290207612
"oases6_k25_Locus_55976_Transcript_1_1",5.68142904799761,0.888323597352764,13.4342757508874,0.000247068349483514,0.0191616731356917
"oases6_k43_Locus_7389_Transcript_8_1",-4.00443866518441,9.40656342099791,13.4272481824264,0.000247995632232465,0.0191616731356917
"oases3_k49_Locus_17490_Transcript_2_1",-5.84647886742015,1.28671227728099,13.4252693971181,0.000248257363859084,0.0191616731356917
"oases2_k25_Locus_33715_Transcript_1_1",5.36363781314871,0.831564915127687,13.4242325180428,0.000248394621784984,0.0191616731356917
"oases3_CL578Contig2_1",4.10868408039357,2.64447094676743,13.3755295658603,0.000254928637816069,0.0196110935991062
"oases6_k49_Locus_76009_Transcript_1_1",4.85713842111158,4.80485310312713,13.3392623467608,0.000259906566665849,0.0198878706933621
"oases3_k31_Locus_28993_Transcript_1_1",4.74640908306209,2.16982852607829,13.3388568184498,0.000259962778616201,0.0198878706933621
"oases6_k25_Locus_14487_Transcript_14_1",7.04270407862027,1.60565488441629,13.3282740570126,0.000261434039091285,0.0199435380891403
"oases3_k43_Locus_8658_Transcript_2_1",-5.14541844748908,2.59017525635027,13.3232838392092,0.000262130709339463,0.0199435380891403
"oases3_k31_Locus_43830_Transcript_3_1",3.09750564827288,5.4917527127395,13.3006411675067,0.000265315372254188,0.0200888499001963
"oases3_k49_Locus_62900_Transcript_1_1",5.03332892820957,3.18660642240328,13.2981944929902,0.000265661820281369,0.0200888499001963
"oases3_k31_Locus_16202_Transcript_2_1",4.52322373965521,3.25328683239792,13.2942818639533,0.000266216794734312,0.0200888499001963
"oases3_CL10811Contig1_1",4.43321165715894,0.926055233491703,13.271736009242,0.000269437585261428,0.0202766426256249
"oases3_k25_Locus_29740_Transcript_2_1",3.49775754342989,6.19657932518022,13.2484437608217,0.000272806260763778,0.0204745164921194
"oases3_k25_Locus_38118_Transcript_1_1",6.36844393735233,0.933717332368109,13.0690339028013,0.000300217941212633,0.022470907199845
"oases6_k37_Locus_31664_Transcript_4_1",-3.27345357309767,4.7579390469614,13.0591793887,0.000301801635037354,0.022528556551818
"oases3_k49_Locus_48911_Transcript_1_1",6.75100846158043,1.20542672389948,13.0113664959184,0.000309605928258609,0.0230461073317851
"oases2_k37_Locus_48872_Transcript_1_1",4.00562404395136,5.88661403811208,13.0065741686324,0.000310399293520469,0.0230461073317851
"oases6_k25_Locus_20061_Transcript_3_1",2.97924123870601,5.642678619445,12.9791702711598,0.000314975519288418,0.0233233476769344
"oases3_CL4808Contig1_1",7.11307903188015,2.7332586421449,12.9665405016078,0.000317107428936433,0.0233606239388933
"oases3_k43_Locus_17824_Transcript_10_1",3.82766537436215,3.43372456234729,12.9661948554729,0.000317165978227193,0.0233606239388933
"oases3_k49_Locus_5228_Transcript_3_1",-4.7452001564605,5.01742677411536,12.9466518095522,0.000320494184231089,0.023543145724392
"oases3_k43_Locus_12276_Transcript_4_1",-3.16495344760415,6.27914976452027,12.9330225008904,0.000322836096038032,0.0236524413853895
"oases6_k37_Locus_45810_Transcript_6_1",5.74433823477277,2.24396145461192,12.9168481980503,0.000325637713165312,0.0237947515261217
"oases6_k25_Locus_4894_Transcript_22_2",3.48544929109968,5.00422806368071,12.9110877290496,0.000326641417316583,0.0238052826609617
"oases6_k49_Locus_9134_Transcript_1_1",4.03396523903179,6.78917668825349,12.877803749238,0.000332502212438387,0.0241688091109414
"oases3_CL21166Contig1_1",-4.29480204732817,6.33176988363426,12.8651956578723,0.000334749895299217,0.0242684911005668
"oases3_k25_Locus_53044_Transcript_1_1",6.05892213430248,2.58400663610162,12.8541563838142,0.000336730478298537,0.0243483390757172
"oases6_k49_Locus_24326_Transcript_1_1",-6.8395440892374,1.4901167443072,12.8411791293602,0.000339073876141289,0.0244539373069189
"oases3_k49_Locus_11431_Transcript_1_1",-5.37292124530755,2.85307065402629,12.7911433478577,0.00034826420431097,0.0250515035693195
"oases6_k43_Locus_6756_Transcript_9_2",-3.68299900640405,5.82511617898659,12.7842816847393,0.000349543959163477,0.025078420738532
"oases3_k25_Locus_12509_Transcript_2_1",-4.63851488355368,4.00165934076331,12.7753508467644,0.000351216738107198,0.0251333238892525
"oases6_k31_Locus_19755_Transcript_4_1",3.66029444792813,4.65111979822554,12.7490094297406,0.000356197757673537,0.0254240739716777
"oases3_k25_Locus_12660_Transcript_5_1",5.09676568288421,1.09545796320431,12.697434333176,0.000366157616567151,0.0260677867177652
"oases2_k49_Locus_6957_Transcript_2_1",2.89872950435092,5.33834126080535,12.6838464425067,0.000368828062423704,0.0261316283679383
"oases6_CL13594Contig1_1",4.29401166233083,3.63025904765007,12.6832712985415,0.000368941528557228,0.0261316283679383
"TRINITY_DN53099_c0_g1_i1",5.34811634581581,1.64279898288981,12.6758721746278,0.000370404393883486,0.0261683145005339
"oases2_k37_Locus_39650_Transcript_1_1",4.84382513582699,1.3547629799728,12.6570031924763,0.000374161480379397,0.0263664835563029
"oases3_k31_Locus_41636_Transcript_1_1",2.95654969866476,7.30105859439253,12.6504962368632,0.000375466003189127,0.02639125759472
"oases3_k49_Locus_61195_Transcript_1_1",-5.75261671216868,1.67606296704816,12.6290357019384,0.000379801044476839,0.0265960801461323
"oases6_k49_Locus_13009_Transcript_4_1",3.15067978599297,5.62025461015206,12.6265780365481,0.000380300705491023,0.0265960801461323
"oases6_k25_Locus_35933_Transcript_3_1",4.39940075500903,2.77549610647249,12.5947949117155,0.000386822496861032,0.0269840358389658
"oases3_k25_Locus_7419_Transcript_3_1",-4.79623193268299,3.52551219990439,12.5816003511852,0.000389563009205917,0.0271069295903233
"oases6_k25_Locus_25461_Transcript_1_1",5.91439268945383,0.448135790419377,12.5719635164242,0.000391576950054281,0.0271787770797074
"oases3_k25_Locus_17220_Transcript_1_1",4.80646330829972,1.34305852010394,12.5394438681728,0.000398450872033325,0.0275867461252273
"oases3_k25_Locus_29600_Transcript_1_1",5.69257989261358,0.694272730661504,12.4583034224014,0.00041613775128564,0.0286845439968541
"oases6_CL14542Contig1_1",3.08722048914176,4.4925662512908,12.4572230439163,0.000416378518333767,0.0286845439968541
"oases6_k31_Locus_8366_Transcript_13_1",4.29331637477952,3.65720704843125,12.4465029165988,0.000418775174677956,0.0287780637407725
"oases3_k43_Locus_51239_Transcript_1_1",4.14977207325524,3.00701764107466,12.4193699817764,0.000424903560010948,0.0291269286904535
"oases3_CL27374Contig1_1",4.38025161782355,3.46203584271948,12.405651696955,0.00042803640267137,0.0292692349026689
"oases3_k43_Locus_14799_Transcript_9_1",4.85289207203905,1.77185745592986,12.3989618462222,0.000429572606350763,0.0293019304440346
"oases6_k43_Locus_58029_Transcript_1_1",6.36876123462192,1.15251833513834,12.3770461027304,0.000434644233156807,0.0295189522979177
"oases2_CL8615Contig1_1",3.87878825020454,2.38445534738927,12.3760078758221,0.000434885987490085,0.0295189522979177
"oases2_k31_Locus_12799_Transcript_6_1",2.74391473615359,4.78461360364829,12.3707708180498,0.000436107522390987,0.0295219602551043
"oases6_k37_Locus_56543_Transcript_8_1",6.58177390859911,2.77958682591187,12.3666876609375,0.000437062313302259,0.0295219602551043
"oases2_k37_Locus_30754_Transcript_2_1",4.66812820489864,1.9065691372257,12.3313907737437,0.000445404439458225,0.0300122397721559
"oases6_k49_Locus_2125_Transcript_18_1",3.63104710388761,5.8659113393537,12.3173316738128,0.00044877176725173,0.0300883679665996
"oases3_k25_Locus_2303_Transcript_6_1",-6.94925411852499,0.785642752473759,12.3134186105452,0.000449713555921405,0.0300883679665996
"oases6_k31_Locus_20969_Transcript_6_2",-5.02253264484393,4.74412073819641,12.3120835882266,0.000450035322640043,0.0300883679665996
"oases2_k43_Locus_5082_Transcript_3_1",-5.48819131958497,6.236640885465,12.3059662863545,0.000451512686764168,0.0300883679665996
"oases3_k25_Locus_26070_Transcript_3_1",-6.13839243380317,1.72563088792528,12.304091119732,0.000451966529721436,0.0300883679665996
"oases6_k37_Locus_37048_Transcript_6_1",4.55076534835866,3.84027936145411,12.2990671395968,0.00045318474408197,0.0300971182316692
"oases2_k25_Locus_3559_Transcript_1_1",4.17551071486613,1.75609442043386,12.2692328454416,0.000460487533235802,0.0305089515440964
"oases6_k31_Locus_12789_Transcript_1_1",3.09947871779984,6.3680723660841,12.2438132383324,0.000466803335910573,0.0308535837343852
"oases3_k31_Locus_14114_Transcript_4_1",4.71850790093581,3.47046116330751,12.1734067059522,0.000484756892298947,0.0319639461317311
"oases6_k49_Locus_22096_Transcript_2_2",5.99860641859878,2.34306733043145,12.1684153302261,0.000486055832538403,0.0319734684710654
"oases3_CL7347Contig1_1",4.23830508009055,1.79744945466278,12.1499989653115,0.000490878917168522,0.03221421974423
"oases6_CL11614Contig1_1",-4.75526007403382,2.51382635463368,12.1253775125343,0.000497402609773015,0.0325489646948151
"oases3_k49_Locus_2506_Transcript_10_1",4.52927930860263,3.57507601784047,12.121149511255,0.000498531631439257,0.0325489646948151
"oases3_k25_Locus_11054_Transcript_2_1",-3.94253123272445,8.14346312216142,12.1175096585004,0.000499505668928159,0.0325489646948151
"oases3_k49_Locus_41989_Transcript_1_1",3.94980155920361,3.59385597197678,12.0799282876377,0.000509675579209504,0.0331336983348075
"oases3_k31_Locus_3722_Transcript_5_1",-3.73181592550387,6.45779530842048,12.0306147251753,0.000523338138271941,0.0339422163964945
"oases6_k25_Locus_41592_Transcript_1_1",4.31402071244286,2.09089435028856,12.0150762933013,0.000527719278828131,0.0341463965137062
"oases2_CL943Contig1_1",-5.22106541237022,2.51508420648672,12.0038937322658,0.000530895152995627,0.034271819037438
"oases3_k49_Locus_33222_Transcript_7_1",4.05014231468557,2.19866216225322,11.9884350781324,0.000535317245498754,0.0344769204577733
"oases2_k49_Locus_3075_Transcript_1_1",-4.67073154188007,4.44997428146238,11.9736972664546,0.000539567755470218,0.0346254052923352
"oases3_k25_Locus_43843_Transcript_2_1",4.62181782201974,2.9977884184489,11.9717796382687,0.000540123315024511,0.0346254052923352
"oases3_k49_Locus_18991_Transcript_4_1",4.11346467715407,1.86410864790904,11.9049202586202,0.000559858651670444,0.035807680137093
"oases6_k25_Locus_56266_Transcript_3_1",5.85986777844141,0.86494348413846,11.8783373492888,0.000567906157885551,0.0362386938628628
"oases3_k49_Locus_51508_Transcript_3_1",5.77156211618831,3.47515112831767,11.8678926765286,0.000571099967226782,0.0362947665282291
"oases6_k43_Locus_31273_Transcript_2_1",2.93576889864394,5.06312661700257,11.8646661885781,0.000572090235909574,0.0362947665282291
"oases3_k37_Locus_3553_Transcript_9_1",-2.5410688620306,6.76852895595996,11.8611442768778,0.000573173154787157,0.0362947665282291
"oases3_k49_Locus_49639_Transcript_1_1",5.89953143285651,0.39867049216099,11.8583716325942,0.000574027144484883,0.0362947665282291
"oases6_k37_Locus_22627_Transcript_7_1",3.08513656110281,4.94234777618116,11.8192360438347,0.000586219080737443,0.0369623415028453
"oases6_k37_Locus_4444_Transcript_4_1",2.59899160440995,6.65510427184485,11.8159498664252,0.000587254649427744,0.0369623415028453
"oases6_k43_Locus_57815_Transcript_1_1",5.0404900499087,1.40668922564375,11.8096879740835,0.000589233067470321,0.0370027677336124
"oases3_k49_Locus_6598_Transcript_8_1",-4.62521255634858,3.11717852290402,11.759668471933,0.000605280061408313,0.0378354469130821
"oases3_k37_Locus_50057_Transcript_1_1",3.13583920320844,4.07419637125819,11.756372736203,0.000606352750003021,0.0378354469130821
"oases6_k25_Locus_28586_Transcript_5_1",-4.8196510858022,4.12367726978611,11.7556407282714,0.000606591262707028,0.0378354469130821
"oases6_k43_Locus_48839_Transcript_1_1",4.69158957174415,1.90903555246982,11.7449505308974,0.000610085301582691,0.0379678704315305
"oases3_CL10258Contig1_2",-5.06929200956539,3.66274081922624,11.7342033081765,0.000613618467049258,0.0381021296557448
"oases3_k49_Locus_18369_Transcript_1_1",-5.84698064308769,2.57682362990049,11.7238793045397,0.000617031956563046,0.0381633091811535
"oases6_k31_Locus_56259_Transcript_1_1",6.42680217328232,1.14475933546464,11.7228907655783,0.000617359807653526,0.0381633091811535
"oases3_k31_Locus_18525_Transcript_1_1",3.36708502926536,5.49662786457971,11.6650306357646,0.000636858945973193,0.039281005901518
"oases3_k49_Locus_48556_Transcript_3_1",6.50133954665234,3.17957316233777,11.6572743772859,0.000639519700646185,0.0393574635326566
"oases6_CL7392Contig1_1",-4.64706378713382,1.32188937517121,11.6355803392274,0.00064702152819531,0.0396721708362893
"oases3_k43_Locus_18300_Transcript_3_1",4.75732628193157,2.01720633480628,11.6342098502404,0.000647498419080044,0.0396721708362893
"oases6_k49_Locus_11722_Transcript_1_1",-4.60743033513236,2.86787206816988,11.6269836939768,0.000650018791377601,0.0397386763982589
"oases6_k49_Locus_5282_Transcript_1_1",-3.52362636889749,4.68327478081944,11.6152522533852,0.000654131656763785,0.0399020310625909
"oases6_CL12569Contig1_1",4.37896380272089,2.40120817681444,11.605320910881,0.000657633973268147,0.0399561004152336
"oases3_k25_Locus_6501_Transcript_10_1",3.19921095940039,3.88559902292853,11.6045586118526,0.000657903581618637,0.0399561004152336
"oases3_k43_Locus_20333_Transcript_7_1",4.13116295500776,3.00187943809256,11.5942845738957,0.000661548193107604,0.040089530984512
"oases6_k49_Locus_18297_Transcript_7_1",4.55783090833282,1.31338307115255,11.5558798610902,0.000675353413766906,0.0408367629713116
"oases3_k25_Locus_2180_Transcript_1_1",-3.13991540941102,4.57343190146478,11.5345475138911,0.000683147027630473,0.041218025671456
"oases6_k25_Locus_57118_Transcript_4_1",5.59174104015785,3.23959289690459,11.5168004489157,0.000689699977398117,0.0415229373349206
"oases3_k43_Locus_20836_Transcript_10_1",6.53101691248352,3.17579018887022,11.5079935774024,0.000692975374939455,0.0416296313092695
"oases6_k43_Locus_38600_Transcript_1_1",4.55532760128144,2.01787911022207,11.4817222191897,0.0007028397107222,0.0421308288933779
"oases2_k25_Locus_19477_Transcript_1_1",5.36604261754759,1.98813359204698,11.4625081261107,0.000710143900501328,0.0424258659468741
"oases6_k49_Locus_18712_Transcript_1_1",4.79185695650318,1.60603709885617,11.460725296566,0.000710825514528403,0.0424258659468741
"oases3_k43_Locus_33997_Transcript_1_1",-4.67996094864684,4.04725545286424,11.4473056871952,0.000715977375927348,0.0426414568794236
"oases3_k49_Locus_50902_Transcript_5_1",5.16995321533944,4.24691997668411,11.4403982625852,0.000718643862983835,0.0426779109265049
"oases3_CL21165Contig1_1",-4.90061742029342,4.02412240916629,11.4377429458038,0.000719671567945324,0.0426779109265049
"oases6_k49_Locus_1854_Transcript_3_1",3.40015567461527,7.68105453615171,11.4255262205708,0.000724419052984021,0.0428676522507254
"oases6_k49_Locus_59007_Transcript_1_1",6.16390023057118,1.94245884779893,11.4135453063142,0.000729105631480105,0.043052987970597
"oases6_k49_Locus_61331_Transcript_7_1",6.345226376666,1.52700010574104,11.4061868310237,0.000731999221417572,0.0431318860381665
"oases6_k49_Locus_19362_Transcript_4_1",4.79245169381788,4.82412254867318,11.3956168210589,0.000736176006118707,0.043285898754674
"oases3_CL21017Contig1_1",6.67198986784505,1.12178201860767,11.3838852620049,0.000740839983266211,0.0433847563895627
"oases3_k37_Locus_1051_Transcript_25_1",6.29373592860305,1.0989149622997,11.3835080057486,0.000740990459025895,0.0433847563895627
"oases3_k49_Locus_48649_Transcript_3_1",4.03830781898049,2.83882655593833,11.3423019963643,0.000757613545977272,0.0441174362118636
"oases3_k49_Locus_4823_Transcript_5_1",-4.43923490323054,2.88017150618381,11.3406665744102,0.000758281017797776,0.0441174362118636
"oases6_k49_Locus_5899_Transcript_3_1",-2.40248583289295,6.06642246495138,11.3406608147337,0.000758283369569115,0.0441174362118636
"oases6_k31_Locus_41237_Transcript_1_1",3.4428525793369,6.36769103969561,11.2954869890526,0.000776957192370759,0.0451091247075803
"oases3_k43_Locus_10963_Transcript_5_1",-3.14949875313799,5.65431747596353,11.2886134907937,0.00077983899474144,0.0451817178250407
"oases6_k31_Locus_52275_Transcript_10_1",2.46164042284438,6.28901394407287,11.2332057777706,0.00080346742006836,0.0464535004830337
"oases6_k25_Locus_27533_Transcript_11_1",5.36872540619734,1.13466130659913,11.2003164545392,0.000817833835523417,0.0471856046687198
"oases3_k49_Locus_48641_Transcript_4_1",4.51085322726707,0.727478640826732,11.1757329254043,0.000828741510334654,0.0475881013660714
"oases6_CL924Contig1_1",4.23267733549871,3.60290285493592,11.1731455796621,0.000829898030065567,0.0475881013660714
"oases3_k43_Locus_15190_Transcript_1_1",-5.38437041581345,1.41266552427175,11.1714943928743,0.000830636947889473,0.0475881013660714
"oases6_k49_Locus_56608_Transcript_3_1",4.5010665638844,3.45696688242221,11.1691584486593,0.000831683435443726,0.0475881013660714
"oases6_k43_Locus_57490_Transcript_3_1",6.04208250290122,1.36097189292583,11.1647408912326,0.00083366611617484,0.0476031946831876
"oases3_k43_Locus_50382_Transcript_1_1",5.13474610700148,0.789487363605524,11.1341304488577,0.000847536520990384,0.0482913373401853
"oases3_k37_Locus_25255_Transcript_1_1",-5.31557436231613,2.85644480758006,11.1284147397543,0.000850152190199585,0.0482913373401853
"oases2_k43_Locus_6964_Transcript_1_1",-4.33300759321267,2.91429978653546,11.1266778053708,0.000850948675597979,0.0482913373401853
"oases3_CL2305Contig1_1",2.69221227504398,4.0388889708912,11.1052194047764,0.000860851044185547,0.0487533922651831
"oases6_k49_Locus_28612_Transcript_4_1",-4.31465623732404,2.97205748607585,11.0946729350699,0.000865760514740215,0.0489313708065623
"oases6_k49_Locus_34415_Transcript_1_1",4.41036054408574,5.63186976734733,11.0898552829051,0.000868012580071211,0.0489587380702487
"oases6_k49_Locus_7740_Transcript_1_1",5.53230095400449,2.4665885228947,11.0749953021603,0.000874996416107599,0.0492523389180566
"oases3_k43_Locus_17406_Transcript_5_1",4.96620511103703,1.76636248896417,11.0708422583845,0.000876958383788798,0.0492626480337667
